Assay	chr_name	chrom_start	chrom_end	REF	ALT	strand
rs5998	1	197040668	197040668	A	G	+
rs9482	1	161958537	161958537	A	G,T	+
rs1057925	1	40738897	40738897	C	G,T	+
rs3736757	1	184708330	184708330	G	A,T	+
rs3753886	1	229602423	229602423	T	A,G	+
rs3795366	1	232515004	232515004	A	G,T	+
rs1802778	1	160333626	160333626	G	A,C,T	-
rs2175593	1	234393824	234393824	G	A	-
rs2232818	1	171786030	171786030	G	A	+
rs2358996	1	113973095	113973095	G	A,T	+
rs7522034	1	150226791	150226791	G	A,C,T	+
rs1594	2	201160898	201160898	A	G	-
rs4656	2	190360255	190360255	G	A,T	+
rs4799	2	10793123	10793123	C	A,G,T	-
rs805423	2	53899904	53899904	C	G,T	+
rs952718	2	215023900	215023900	T	A,C,G	-
rs1137930	2	68161691	68161691	A	G,T	+
rs1624844	2	96947879	96947879	T	A,C,G	-
rs2266918	2	70943677	70943677	C	T	+
rs4953042	2	43974237	43974237	T	A,C,G	+
rs1054975	3	9365152	9365152	T	C	+
rs1344870	3	21265909	21265909	T	A,G	-
rs2293250	3	33393339	33393339	G	A,T	-
rs2940779	4	125319355	125319355	T	C,G	-
rs3108237	4	185190957	185190957	G	A,T	-
rs10069050	5	90525167	90525167	T	A,C,G	+
rs27529	5	96790605	96790605	A	G,T	+
rs164572	5	69123227	69123227	A	T	+
rs2273235	5	150527971	150527971	T	G	-
rs9358890	6	25779164	25779164	A	G,T	+
rs3734586	6	7601487	7601487	C	T	+
rs3749970	6	29375048	29375048	G	A,C	-
rs2236277	6	2959279	2959279	C	T	+
rs2272998	6	148440320	148440320	G	A,C,T	+
rs2397060	6	51746672	51746672	T	A,C	+
rs6965201	7	93105138	93105138	A	G	+
rs7786497	7	142257684	142257684	A	C,G,T	+
rs7803075	7	131057307	131057307	A	G	+
rs1043615	7	108571909	108571909	G	A,C,T	+
rs2293768	7	100750761	100750761	T	C	-
rs7953	7	77794257	77794257	G	A	-
rs907157	8	25302369	25302369	G	A	-
rs957448	8	94529074	94529074	A	G,T	+
rs1058486	8	22005040	22005040	A	G	+
rs2294024	8	133131869	133131869	C	A,T	+
rs2306641	8	21976454	21976454	C	T	+
rs3812471	8	124486306	124486306	C	T	-
rs1060817	9	120820914	120820914	A	G	-
rs3750390	9	86077421	86077421	C	T	-
rs2152092	10	97460128	97460128	G	A,C	-
rs2275059	10	70529945	70529945	G	A	+
rs11197835	10	116860948	116860948	A	C,T	+
rs538847	11	117465006	117465006	T	A,C,G	+
rs540261	11	119076924	119076924	C	T	-
rs1675126	11	62138902	62138902	T	C,G	-
rs2304891	11	4082294	4082294	A	G	-
rs2946788	11	23988984	23988984	G	A,C,T	+
rs3817098	11	4653345	4653345	G	A,C	+
rs4078313	11	124896232	124896232	A	G,T	+
rs6591147	11	106042257	106042257	T	A,C	+
rs7933089	11	11955081	11955081	G	A,C	+
rs3210635	12	26911299	26911299	C	A,G,T	-
rs4075325	12	57256057	57256057	C	A,T	-
rs7300444	12	884764	884764	C	T	+
rs547497	12	69574082	69574082	G	A	-
rs1057908	12	48836252	48836252	T	A,C,G	-
rs1806191	12	13563704	13563704	G	A,T	+
rs9319336	13	27050219	27050219	T	A,C	+
rs1061629	14	77459668	77459668	C	A,G,T	+
rs3803390	15	84924044	84924044	C	A,T	-
rs13180	15	78497146	78497146	C	T	+
rs1128933	15	75358495	75358495	G	A,C	-
rs2292745	15	68331952	68331952	G	A	+
rs3736510	15	73249172	73249172	A	C,G	-
rs11054	16	70481452	70481452	C	A,G,T	+
rs8064024	16	4805278	4805278	A	G	+
rs13030	17	63831196	63831196	C	G,T	+
rs2460111	17	63237911	63237911	G	A	-
rs76432344	17	61966568	61966568	T	A,C	+
rs3182911	17	17264850	17264850	G	A,C,T	-
rs7229946	18	25159037	25159037	G	A	+
rs9951171	18	9749882	9749882	G	A,T	+
rs2074265	19	15122770	15122770	C	A,G	+
rs3177137	19	18913044	18913044	T	C,G	-
rs7259333	19	33088222	33088222	T	A,C,G	+
rs3746805	20	763806	763806	G	A,C	+
rs11274	20	44197739	44197739	C	A,G,T	+
rs238148	20	49233645	49233645	C	T	-
rs6107027	20	25307996	25307996	G	A	+
rs1799932	22	41515521	41515521	C	G,T	+
rs525869	X	91341160	91341160	T	C,G	-
rs530501	X	149485920	149485920	C	A,T	-
rs2040962	X	117469443	117469443	T	A,C,G	+
rs1865680	Y	7000077	7000077	A	G	+
rs2032624	Y	12914512	12914512	C	A	+
rs17307398	Y	15174113	15174113	T	A,C,G	+
